Workbook

Sheet effective_density
A1: Frequency[Hz] | B1: Real part [kg/m³] | C1: Imaginary part [kg/m³] | D1: Absolute [kg/m³]
A2: 5 | B2: 4.0024905 | C2: -137.32677 | D2: 137.38509
A3: 10 | B3: 6.2191364 | C3: -58.904608 | D3: 59.232006
A4: 15 | B4: 6.4062613 | C4: -36.779175 | D4: 37.332933
A5: 20 | B5: 6.2760137 | C5: -26.659268 | D5: 27.388043
A6: 25 | B6: 6.0864969 | C6: -20.927473 | D6: 21.7946
A7: 30 | B7: 5.8966058 | C7: -17.258646 | D7: 18.238169
A8: 35 | B8: 5.7211837 | C8: -14.716005 | D8: 15.789007
A9: 40 | B9: 5.5629921 | C9: -12.852653 | D9: 14.004912
A10: 45 | B10: 5.4212214 | C10: -11.429424 | D10: 12.649956
A11: 50 | B11: 5.2941005 | C11: -10.307153 | D11: 11.587273
A12: 55 | B12: 5.1797489 | C12: -9.3995259 | D12: 10.732236
A13: 60 | B13: 5.0764467 | C13: -8.6502452 | D13: 10.029808
... A281: 1400 | B281: 2.9876515 | C281: -0.72306595 | D281: 3.073904

Sheet effective_speed_of_sound
A1: Frequency[Hz] | B1: Real part [m/s] | C1: Imaginary part [m/s] | D1: Absolute [m/s]
A2: 5 | B2: 22.075429 | C2: 19.666044 | D2: 29.564807
A3: 10 | B3: 33.208186 | C3: 28.670571 | D3: 43.872375
A4: 15 | B4: 42.001814 | C4: 34.893691 | D4: 54.605146
A5: 20 | B5: 49.465933 | C5: 39.573272 | D5: 63.347631
A6: 25 | B6: 56.015304 | C6: 43.2429 | D6: 70.76484
A7: 30 | B7: 61.874877 | C7: 46.194534 | D7: 77.216808
A8: 35 | B8: 67.185703 | C8: 48.609121 | D8: 82.926264
A9: 40 | B9: 72.044524 | C9: 50.60786 | D9: 88.042995
A10: 45 | B10: 76.521845 | C10: 52.276381 | D10: 92.67369
A11: 50 | B11: 80.671325 | C11: 53.677589 | D11: 96.897607
A12: 55 | B12: 84.535149 | C12: 54.859089 | D12: 100.77555
A13: 60 | B13: 88.147323 | C13: 55.857764 | D13: 104.35536
... A281: 1400 | B281: 201.22796 | C281: 32.720356 | D281: 203.87082

Sheet complex_impedance
A1: Frequency[Hz] | B1: Real part [m/s] | C1: Imaginary part [m/s] | D1: Absolute [m/s]
A2: 5 | B2: =effective_density!B2*effective_speed_of_sound!B2-effective_density!C2*effective_speed_of_sound!C2 -> 2789.031 | C2: =effective_density!C2*effective_speed_of_sound!B2+effective_density!B2*effective_speed_of_sound!C2 -> -2952.8342 | D2: =SQRT((B2^2)+(C2^2)) -> 4061.7636
A3: 10 | B3: =effective_density!B3*effective_speed_of_sound!B3-effective_density!C3*effective_speed_of_sound!C3 -> 1895.355 | C3: =effective_density!C3*effective_speed_of_sound!B3+effective_density!B3*effective_speed_of_sound!C3 -> -1777.809 | D3: =SQRT((B3^2)+(C3^2)) -> 2598.6488
A4: 15 | B4: =effective_density!B4*effective_speed_of_sound!B4-effective_density!C4*effective_speed_of_sound!C4 -> 1552.4357 | C4: =effective_density!C4*effective_speed_of_sound!B4+effective_density!B4*effective_speed_of_sound!C4 -> -1321.254 | D4: =SQRT((B4^2)+(C4^2)) -> 2038.5703
A5: 20 | B5: =effective_density!B5*effective_speed_of_sound!B5-effective_density!C5*effective_speed_of_sound!C5 -> 1365.4433 | C5: =effective_density!C5*effective_speed_of_sound!B5+effective_density!B5*effective_speed_of_sound!C5 -> -1070.3631 | D5: =SQRT((B5^2)+(C5^2)) -> 1734.9677
A6: 25 | B6: =effective_density!B6*effective_speed_of_sound!B6-effective_density!C6*effective_speed_of_sound!C6 -> 1245.9016 | C6: =effective_density!C6*effective_speed_of_sound!B6+effective_density!B6*effective_speed_of_sound!C6 -> -909.06098 | D6: =SQRT((B6^2)+(C6^2)) -> 1542.2914
A7: 30 | B7: =effective_density!B7*effective_speed_of_sound!B7-effective_density!C7*effective_speed_of_sound!C7 -> 1162.1069 | C7: =effective_density!C7*effective_speed_of_sound!B7+effective_density!B7*effective_speed_of_sound!C7 -> -795.48564 | D7: =SQRT((B7^2)+(C7^2)) -> 1408.2932
A8: 35 | B8: =effective_density!B8*effective_speed_of_sound!B8-effective_density!C8*effective_speed_of_sound!C8 -> 1099.7138 | C8: =effective_density!C8*effective_speed_of_sound!B8+effective_density!B8*effective_speed_of_sound!C8 -> -710.60342 | D8: =SQRT((B8^2)+(C8^2)) -> 1309.3234
A9: 40 | B9: =effective_density!B9*effective_speed_of_sound!B9-effective_density!C9*effective_speed_of_sound!C9 -> 1051.2284 | C9: =effective_density!C9*effective_speed_of_sound!B9+effective_density!B9*effective_speed_of_sound!C9 -> -644.43213 | D9: =SQRT((B9^2)+(C9^2)) -> 1233.0344
A10: 45 | B10: =effective_density!B10*effective_speed_of_sound!B10-effective_density!C10*effective_speed_of_sound!C10 -> 1012.3308 | C10: =effective_density!C10*effective_speed_of_sound!B10+effective_density!B10*effective_speed_of_sound!C10 -> -591.1988 | D10: =SQRT((B10^2)+(C10^2)) -> 1172.3181
A11: 50 | B11: =effective_density!B11*effective_speed_of_sound!B11-effective_density!C11*effective_speed_of_sound!C11 -> 980.34523 | C11: =effective_density!C11*effective_speed_of_sound!B11+effective_density!B11*effective_speed_of_sound!C11 -> -547.31715 | D11: =SQRT((B11^2)+(C11^2)) -> 1122.7791
A12: 55 | B12: =effective_density!B12*effective_speed_of_sound!B12-effective_density!C12*effective_speed_of_sound!C12 -> 953.52027 | C12: =effective_density!C12*effective_speed_of_sound!B12+effective_density!B12*effective_speed_of_sound!C12 -> -510.43402 | D12: =SQRT((B12^2)+(C12^2)) -> 1081.5469
A13: 60 | B13: =effective_density!B13*effective_speed_of_sound!B13-effective_density!C13*effective_speed_of_sound!C13 -> 930.65855 | C13: =effective_density!C13*effective_speed_of_sound!B13+effective_density!B13*effective_speed_of_sound!C13 -> -478.937 | D13: =SQRT((B13^2)+(C13^2)) -> 1046.6642
... A281: 1400 | B281: =effective_density!B281*effective_speed_of_sound!B281-effective_density!C281*effective_speed_of_sound!C281 -> 624.85798 | C281: =effective_density!C281*effective_speed_of_sound!B281+effective_density!B281*effective_speed_of_sound!C281 -> -47.744064 | D281: =SQRT((B281^2)+(C281^2)) -> 626.67934
